{
  "x": 608085.9177792949,
  "y": 7455850.0933587765,
  "velocity_x_mps": 28.689142678891063,
  "velocity_y_mps": 8.771151141682104,
  "ground_speed_mps": 30.0,
  "azimuth_deg": 73.0
}