{
  "x": 608085.9177792949,
  "y": 7455850.0933587765,
  "velocity_x_mps": 38.252190238521415,
  "velocity_y_mps": 11.69486818890947,
  "ground_speed_mps": 40.0,
  "azimuth_deg": 73.0
}