{
  "x": 608085.9177792949,
  "y": 7455850.0933587765,
  "velocity_x_mps": 19.126095119260707,
  "velocity_y_mps": 5.847434094454735,
  "ground_speed_mps": 20.0,
  "azimuth_deg": 73.0
}